{"count":1,"self":4.9510087999999994,"total":196.01905499999998,"children":{"InitializeActuators":{"count":3,"self":0.001648,"total":0.001648,"children":null},"InitializeSensors":{"count":3,"self":0.000992,"total":0.000992,"children":null},"AgentSendState":{"count":1002,"self":0.013534,"total":3.915111,"children":{"CollectObservations":{"count":3006,"self":3.3951919999999998,"total":3.3951919999999998,"children":null},"WriteActionMask":{"count":3006,"self":0.0026479999999999997,"total":0.0026479999999999997,"children":null},"RequestDecision":{"count":3006,"self":0.006899,"total":0.503737,"children":{"AgentInfo.ToProto":{"count":3006,"self":0.014242,"total":0.496838,"children":{"GenerateSensorData":{"count":3006,"self":0.48259599999999997,"total":0.48259599999999997,"children":null}}}}}}},"DecideAction":{"count":1002,"self":187.0139136,"total":187.013908,"children":null},"AgentAct":{"count":1002,"self":0.09125599999999999,"total":0.13544599999999998,"children":{"AgentInfo.ToProto":{"count":52,"self":0.000321,"total":0.04419,"children":{"GenerateSensorData":{"count":52,"self":0.043869,"total":0.043869,"children":null}}}}}},"gauges":{"Navigation.CumulativeReward":{"count":52,"max":5.10171032,"min":-23.975029,"runningAverage":-13.2254829,"value":-11.1182308,"weightedAverage":-13.9236755}},"metadata":{"timer_format_version":"0.1.0","start_time_seconds":"1745132835","unity_version":"2023.2.20f1","command_line_arguments":"\/home\/zehaowang\/Downloads\/cooperative-robot-navigation\/onpolicy\/train_1.x86_64 -nographics -batchmode --mlagents-port 11011","communication_protocol_version":"1.5.0","com.unity.ml-agents_version":"3.0.0","scene_name":"train_1","end_time_seconds":"1745133031"}}