{"count":1,"self":4.3656039999999994,"total":2609.8606689999997,"children":{"InitializeActuators":{"count":3,"self":0.0014069999999999998,"total":0.0014069999999999998,"children":null},"InitializeSensors":{"count":3,"self":0.001349,"total":0.001349,"children":null},"AgentSendState":{"count":1003,"self":0.022005999999999998,"total":5.9589729999999994,"children":{"CollectObservations":{"count":3009,"self":5.0504299999999995,"total":5.0504299999999995,"children":null},"WriteActionMask":{"count":3009,"self":0.004402,"total":0.004402,"children":null},"RequestDecision":{"count":3009,"self":0.012562,"total":0.882135,"children":{"AgentInfo.ToProto":{"count":3009,"self":0.027441,"total":0.86957299999999993,"children":{"GenerateSensorData":{"count":3009,"self":0.842132,"total":0.842132,"children":null}}}}}}},"DecideAction":{"count":1003,"self":2599.3670656,"total":2599.367002,"children":null},"AgentAct":{"count":1003,"self":0.15481999999999999,"total":0.164942,"children":{"AgentInfo.ToProto":{"count":72,"self":0.000375,"total":0.010121999999999999,"children":{"GenerateSensorData":{"count":72,"self":0.0097469999999999987,"total":0.0097469999999999987,"children":null}}}}}},"gauges":{"Navigation.CumulativeReward":{"count":72,"max":-0.9389305,"min":-30.2189217,"runningAverage":-14.964612,"value":-30.2189217,"weightedAverage":-17.77577}},"metadata":{"timer_format_version":"0.1.0","start_time_seconds":"1745132564","unity_version":"2023.2.20f1","command_line_arguments":"\/home\/zehao\/Downloads\/cooperative-robot-navigation\/onpolicy\/train_1.x86_64 -nographics -batchmode --mlagents-port 15014","communication_protocol_version":"1.5.0","com.unity.ml-agents_version":"3.0.0","scene_name":"train_1","end_time_seconds":"1745135174"}}